{"dral":{"player":"michieldral","x":22.02813329805213,"y":49,"z":-14.470517965188403,"yaw":269.2476806640625,"pitch":7.199970722198486}}